<?xml version="1.0" encoding="UTF-8"?>
<project-private xmlns="http://www.netbeans.org/ns/project-private/1">
    <editor-bookmarks xmlns="http://www.netbeans.org/ns/editor-bookmarks/2" lastBookmarkId="0"/>
    <open-files xmlns="http://www.netbeans.org/ns/projectui-open-files/2">
        <group>
            <file>file:/C:/Users/triet/MPLABXProjects/MICO226929_I2C/I2C_demo.X/main.c</file>
            <file>file:/C:/Users/triet/MPLABXProjects/MICO226929_I2C/I2C_demo.X/lcd.c</file>
            <file>file:/C:/Users/triet/MPLABXProjects/MICO226929_I2C/I2C_demo.X/mcc_generated_files/i2c_driver.c</file>
            <file>file:/C:/Users/triet/MPLABXProjects/MICO226929_I2C/I2C_demo.X/mcc_generated_files/drivers/i2c_master.c</file>
            <file>file:/C:/Users/triet/MPLABXProjects/MICO226929_I2C/I2C_demo.X/mcc_generated_files/drivers/i2c_simple_master.c</file>
        </group>
    </open-files>
</project-private>
